id,length,A,T,G,C,pct_A,pct_T,pct_G,pct_C,content_GC
PZ086170.1,123,23,20,35,45,18.7,16.26,28.46,36.59,65.04
PX584652.1,1182,275,234,307,366,23.27,19.8,25.97,30.96,56.94
PX584651.1,1182,277,233,306,366,23.43,19.71,25.89,30.96,56.85
PX584650.1,1182,277,234,305,366,23.43,19.8,25.8,30.96,56.77
NM_001126117.2,2063,449,553,500,561,21.76,26.81,24.24,27.19,51.43
NM_001126115.2,2003,432,531,489,551,21.57,26.51,24.41,27.51,51.92
NM_001126118.2,2629,558,662,650,759,21.22,25.18,24.72,28.87,53.59
NM_001126112.3,2509,531,639,620,719,21.16,25.47,24.71,28.66,53.37
NM_001126116.2,2136,477,571,515,573,22.33,26.73,24.11,26.83,50.94
NM_001126113.3,2572,549,661,632,730,21.35,25.7,24.57,28.38,52.95
NM_001126114.3,2645,577,679,647,742,21.81,25.67,24.46,28.05,52.51
NM_001276698.3,2136,477,571,515,573,22.33,26.73,24.11,26.83,50.94
NM_001276697.3,2003,432,531,489,551,21.57,26.51,24.41,27.51,51.92
NM_001276696.3,2645,577,679,647,742,21.81,25.67,24.46,28.05,52.51
NM_001276695.3,2572,549,661,632,730,21.35,25.7,24.57,28.38,52.95
NM_001276699.3,2063,449,553,500,561,21.76,26.81,24.24,27.19,51.43
NM_001276761.3,2509,531,639,620,719,21.16,25.47,24.71,28.66,53.37
NM_001276760.3,2512,532,639,621,720,21.18,25.44,24.72,28.66,53.38
NM_000546.6,2512,532,639,621,720,21.18,25.44,24.72,28.66,53.38
PV505825.1,1182,276,234,306,366,23.35,19.8,25.89,30.96,56.85
